{
  "hash": "cd0eb87c",
  "configHash": "e78086ae",
  "lockfileHash": "39f07025",
  "browserHash": "f1ef8657",
  "optimized": {
    "@angular/common": {
      "src": "../../../../../node_modules/@angular/common/fesm2022/common.mjs",
      "file": "@angular_common.js",
      "fileHash": "ccdc6205",
      "needsInterop": false
    },
    "@angular/common/http": {
      "src": "../../../../../node_modules/@angular/common/fesm2022/http.mjs",
      "file": "@angular_common_http.js",
      "fileHash": "f7d42648",
      "needsInterop": false
    },
    "@angular/core": {
      "src": "../../../../../node_modules/@angular/core/fesm2022/core.mjs",
      "file": "@angular_core.js",
      "fileHash": "5cc8374c",
      "needsInterop": false
    },
    "@angular/forms": {
      "src": "../../../../../node_modules/@angular/forms/fesm2022/forms.mjs",
      "file": "@angular_forms.js",
      "fileHash": "16324157",
      "needsInterop": false
    },
    "@angular/material/button": {
      "src": "../../../../../node_modules/@angular/material/fesm2022/button.mjs",
      "file": "@angular_material_button.js",
      "fileHash": "260888f4",
      "needsInterop": false
    },
    "@angular/material/dialog": {
      "src": "../../../../../node_modules/@angular/material/fesm2022/dialog.mjs",
      "file": "@angular_material_dialog.js",
      "fileHash": "f6eb5d45",
      "needsInterop": false
    },
    "@angular/material/form-field": {
      "src": "../../../../../node_modules/@angular/material/fesm2022/form-field.mjs",
      "file": "@angular_material_form-field.js",
      "fileHash": "7a9f6872",
      "needsInterop": false
    },
    "@angular/material/input": {
      "src": "../../../../../node_modules/@angular/material/fesm2022/input.mjs",
      "file": "@angular_material_input.js",
      "fileHash": "d6203408",
      "needsInterop": false
    },
    "@angular/platform-browser": {
      "src": "../../../../../node_modules/@angular/platform-browser/fesm2022/platform-browser.mjs",
      "file": "@angular_platform-browser.js",
      "fileHash": "71ce2f04",
      "needsInterop": false
    },
    "@angular/platform-browser/animations": {
      "src": "../../../../../node_modules/@angular/platform-browser/fesm2022/animations.mjs",
      "file": "@angular_platform-browser_animations.js",
      "fileHash": "815ce010",
      "needsInterop": false
    },
    "@angular/router": {
      "src": "../../../../../node_modules/@angular/router/fesm2022/router.mjs",
      "file": "@angular_router.js",
      "fileHash": "966d0329",
      "needsInterop": false
    },
    "@progress/kendo-angular-buttons": {
      "src": "../../../../../node_modules/@progress/kendo-angular-buttons/fesm2020/progress-kendo-angular-buttons.mjs",
      "file": "@progress_kendo-angular-buttons.js",
      "fileHash": "be10b9f7",
      "needsInterop": false
    },
    "@progress/kendo-angular-dialog": {
      "src": "../../../../../node_modules/@progress/kendo-angular-dialog/fesm2020/progress-kendo-angular-dialog.mjs",
      "file": "@progress_kendo-angular-dialog.js",
      "fileHash": "8bd9d42e",
      "needsInterop": false
    },
    "@progress/kendo-angular-dropdowns": {
      "src": "../../../../../node_modules/@progress/kendo-angular-dropdowns/fesm2020/progress-kendo-angular-dropdowns.mjs",
      "file": "@progress_kendo-angular-dropdowns.js",
      "fileHash": "84a3a096",
      "needsInterop": false
    },
    "@progress/kendo-angular-grid": {
      "src": "../../../../../node_modules/@progress/kendo-angular-grid/fesm2020/progress-kendo-angular-grid.mjs",
      "file": "@progress_kendo-angular-grid.js",
      "fileHash": "33e0c9ac",
      "needsInterop": false
    },
    "@progress/kendo-angular-inputs": {
      "src": "../../../../../node_modules/@progress/kendo-angular-inputs/fesm2020/progress-kendo-angular-inputs.mjs",
      "file": "@progress_kendo-angular-inputs.js",
      "fileHash": "a72be81e",
      "needsInterop": false
    },
    "axios": {
      "src": "../../../../../node_modules/axios/index.js",
      "file": "axios.js",
      "fileHash": "79b3c3d6",
      "needsInterop": false
    },
    "ngx-otp-input": {
      "src": "../../../../../node_modules/ngx-otp-input/fesm2020/ngx-otp-input.mjs",
      "file": "ngx-otp-input.js",
      "fileHash": "c97a8629",
      "needsInterop": false
    }
  },
  "chunks": {
    "chunk-HGI2DZYD": {
      "file": "chunk-HGI2DZYD.js"
    },
    "chunk-LCAJPNDY": {
      "file": "chunk-LCAJPNDY.js"
    },
    "chunk-L3WDI6LZ": {
      "file": "chunk-L3WDI6LZ.js"
    },
    "chunk-6KGKNLIT": {
      "file": "chunk-6KGKNLIT.js"
    },
    "chunk-JUH54EBQ": {
      "file": "chunk-JUH54EBQ.js"
    },
    "chunk-2GQREEVP": {
      "file": "chunk-2GQREEVP.js"
    },
    "chunk-DBS6WL7N": {
      "file": "chunk-DBS6WL7N.js"
    },
    "chunk-OFWO6MPJ": {
      "file": "chunk-OFWO6MPJ.js"
    },
    "chunk-JMGHYGWV": {
      "file": "chunk-JMGHYGWV.js"
    },
    "chunk-2CRLTTD5": {
      "file": "chunk-2CRLTTD5.js"
    },
    "chunk-FJSJYECF": {
      "file": "chunk-FJSJYECF.js"
    },
    "chunk-W4OLSGFO": {
      "file": "chunk-W4OLSGFO.js"
    },
    "chunk-GLLL6ZVE": {
      "file": "chunk-GLLL6ZVE.js"
    }
  }
}