{
  "hash": "ed083ea7",
  "configHash": "ca2232c2",
  "lockfileHash": "39f07025",
  "browserHash": "d3531214",
  "optimized": {
    "@angular/common": {
      "src": "../../../../../node_modules/@angular/common/fesm2022/common.mjs",
      "file": "@angular_common.js",
      "fileHash": "fcdd36f6",
      "needsInterop": false
    },
    "@angular/common/http": {
      "src": "../../../../../node_modules/@angular/common/fesm2022/http.mjs",
      "file": "@angular_common_http.js",
      "fileHash": "c670bfae",
      "needsInterop": false
    },
    "@angular/core": {
      "src": "../../../../../node_modules/@angular/core/fesm2022/core.mjs",
      "file": "@angular_core.js",
      "fileHash": "d78f71c0",
      "needsInterop": false
    },
    "@angular/forms": {
      "src": "../../../../../node_modules/@angular/forms/fesm2022/forms.mjs",
      "file": "@angular_forms.js",
      "fileHash": "71e58730",
      "needsInterop": false
    },
    "@angular/material/button": {
      "src": "../../../../../node_modules/@angular/material/fesm2022/button.mjs",
      "file": "@angular_material_button.js",
      "fileHash": "0049419a",
      "needsInterop": false
    },
    "@angular/material/dialog": {
      "src": "../../../../../node_modules/@angular/material/fesm2022/dialog.mjs",
      "file": "@angular_material_dialog.js",
      "fileHash": "d80ab70a",
      "needsInterop": false
    },
    "@angular/material/form-field": {
      "src": "../../../../../node_modules/@angular/material/fesm2022/form-field.mjs",
      "file": "@angular_material_form-field.js",
      "fileHash": "9159990f",
      "needsInterop": false
    },
    "@angular/material/input": {
      "src": "../../../../../node_modules/@angular/material/fesm2022/input.mjs",
      "file": "@angular_material_input.js",
      "fileHash": "8c075ae2",
      "needsInterop": false
    },
    "@angular/platform-browser": {
      "src": "../../../../../node_modules/@angular/platform-browser/fesm2022/platform-browser.mjs",
      "file": "@angular_platform-browser.js",
      "fileHash": "a411a635",
      "needsInterop": false
    },
    "@angular/platform-browser/animations": {
      "src": "../../../../../node_modules/@angular/platform-browser/fesm2022/animations.mjs",
      "file": "@angular_platform-browser_animations.js",
      "fileHash": "feeb57ef",
      "needsInterop": false
    },
    "@angular/router": {
      "src": "../../../../../node_modules/@angular/router/fesm2022/router.mjs",
      "file": "@angular_router.js",
      "fileHash": "e0a356db",
      "needsInterop": false
    },
    "@progress/kendo-angular-buttons": {
      "src": "../../../../../node_modules/@progress/kendo-angular-buttons/fesm2020/progress-kendo-angular-buttons.mjs",
      "file": "@progress_kendo-angular-buttons.js",
      "fileHash": "5cff2d3b",
      "needsInterop": false
    },
    "@progress/kendo-angular-dialog": {
      "src": "../../../../../node_modules/@progress/kendo-angular-dialog/fesm2020/progress-kendo-angular-dialog.mjs",
      "file": "@progress_kendo-angular-dialog.js",
      "fileHash": "6dcce24f",
      "needsInterop": false
    },
    "@progress/kendo-angular-dropdowns": {
      "src": "../../../../../node_modules/@progress/kendo-angular-dropdowns/fesm2020/progress-kendo-angular-dropdowns.mjs",
      "file": "@progress_kendo-angular-dropdowns.js",
      "fileHash": "73bb2ed5",
      "needsInterop": false
    },
    "@progress/kendo-angular-grid": {
      "src": "../../../../../node_modules/@progress/kendo-angular-grid/fesm2020/progress-kendo-angular-grid.mjs",
      "file": "@progress_kendo-angular-grid.js",
      "fileHash": "b84f199d",
      "needsInterop": false
    },
    "@progress/kendo-angular-inputs": {
      "src": "../../../../../node_modules/@progress/kendo-angular-inputs/fesm2020/progress-kendo-angular-inputs.mjs",
      "file": "@progress_kendo-angular-inputs.js",
      "fileHash": "8f4576c3",
      "needsInterop": false
    },
    "axios": {
      "src": "../../../../../node_modules/axios/index.js",
      "file": "axios.js",
      "fileHash": "2bb9001b",
      "needsInterop": false
    },
    "ngx-otp-input": {
      "src": "../../../../../node_modules/ngx-otp-input/fesm2020/ngx-otp-input.mjs",
      "file": "ngx-otp-input.js",
      "fileHash": "c6be30a6",
      "needsInterop": false
    },
    "@angular/material/snack-bar": {
      "src": "../../../../../node_modules/@angular/material/fesm2022/snack-bar.mjs",
      "file": "@angular_material_snack-bar.js",
      "fileHash": "f439289a",
      "needsInterop": false
    }
  },
  "chunks": {
    "chunk-KPOBJUYY": {
      "file": "chunk-KPOBJUYY.js"
    },
    "chunk-BS6RUNJN": {
      "file": "chunk-BS6RUNJN.js"
    },
    "chunk-ZXBON5DG": {
      "file": "chunk-ZXBON5DG.js"
    },
    "chunk-NLYZFE3Q": {
      "file": "chunk-NLYZFE3Q.js"
    },
    "chunk-6J7Q4YLQ": {
      "file": "chunk-6J7Q4YLQ.js"
    },
    "chunk-DD24DDE4": {
      "file": "chunk-DD24DDE4.js"
    },
    "chunk-OFWO6MPJ": {
      "file": "chunk-OFWO6MPJ.js"
    },
    "chunk-JMGHYGWV": {
      "file": "chunk-JMGHYGWV.js"
    },
    "chunk-JUH54EBQ": {
      "file": "chunk-JUH54EBQ.js"
    },
    "chunk-IWVR6Y24": {
      "file": "chunk-IWVR6Y24.js"
    },
    "chunk-2CRLTTD5": {
      "file": "chunk-2CRLTTD5.js"
    },
    "chunk-6MQRKDLI": {
      "file": "chunk-6MQRKDLI.js"
    },
    "chunk-FJSJYECF": {
      "file": "chunk-FJSJYECF.js"
    },
    "chunk-W4OLSGFO": {
      "file": "chunk-W4OLSGFO.js"
    },
    "chunk-GLLL6ZVE": {
      "file": "chunk-GLLL6ZVE.js"
    }
  }
}